定番,ウクライナ(ロシア)料理の定番♪ボルシチ,https://img.cpcdn.com/recipes/7493227/200x296c/e64a11b973bb1071edcaa06b2e42e738?u=34797063&p=1680511578,https://cookpad.com/recipe/7493227,定番,others
定番,我が家の定番！照り焼きチキン,https://img.cpcdn.com/recipes/7494989/200x296c/40b02891f1e1ba794d39b56c22b80d53?u=26312299&p=1680516228,https://cookpad.com/recipe/7494989,定番,others
定番,定番の唐揚げ,https://img.cpcdn.com/recipes/7490693/200x296c/810f576552467659a5e3c1d7a618603f?u=7165704&p=1680174754,https://cookpad.com/recipe/7490693,定番,others
定番,中華スープの定番☆簡単とろとろ卵スープ,https://img.cpcdn.com/recipes/7489523/200x296c/8b6a3664a722dc303a12ba1e5fcbaf4f?u=50439307&p=1680084753,https://cookpad.com/recipe/7489523,定番,others
定番,ド定番 新玉ねぎと言えばコレ豚の生姜焼き,https://img.cpcdn.com/recipes/7489684/200x296c/f9c21d41a3bb2f6eb29acb3883afecc4?u=39724775&p=1680091174,https://cookpad.com/recipe/7489684,定番,others
定番,お風呂上がりの定番　フルーツ牛乳,https://img.cpcdn.com/recipes/7488290/200x296c/12d3013f3b885588f215eb398746034e?u=2500937&p=1680080628,https://cookpad.com/recipe/7488290,定番,others
定番,定番が美味しい　アボカドエッグサンド,https://img.cpcdn.com/recipes/7489116/200x296c/2a1a8e2112f0596705468ebbd59a3e0f?u=51872017&p=1680067688,https://cookpad.com/recipe/7489116,定番,others
定番,我が家の定番レシピ☆ニラ卵♪,https://img.cpcdn.com/recipes/7483035/200x296c/7e1dba635981fa70ad357688c69c885b?u=17610617&p=1679565713,https://cookpad.com/recipe/7483035,定番,others
定番,定番の味【カスタードプリン】3人分,https://img.cpcdn.com/recipes/7481243/200x296c/c9b1260f9aba6c201decb30173e542bf?u=458162&p=1679404893,https://cookpad.com/recipe/7481243,定番,others
定番,我が家の定番☆ホイコーロー,https://img.cpcdn.com/recipes/2746786/200x296c/6a1e7f6979fa733e516aefc00db96acc?u=10037065&p=1407817882,https://cookpad.com/recipe/7482003,定番,others
春,簡単！春キャベツの豚バラまきソテー,https://img.cpcdn.com/recipes/7496920/200x296c/fd6fbe7b582a228d66d5efca1a925142?u=35892343&p=1680705965,https://cookpad.com/recipe/7496920,春,others
春,春キャベツで☆肉巻き,https://img.cpcdn.com/recipes/7496811/200x296c/d717428c220a5a52e65543e130f904fd?u=22256991&p=1680696641,https://cookpad.com/recipe/7496811,春,others
春,明治おいしい牛乳★春の旬パスタ★,https://img.cpcdn.com/recipes/7495902/200x296c/bb66cc57da0e5b6da6ba0a5b8a4bc68f?u=8200012&p=1680606085,https://cookpad.com/recipe/7495902,春,others
春,春キャベツとしらすのパスタ,https://img.cpcdn.com/recipes/7496712/200x296c/ec960d2ee5a459091d7f9499719121ee?u=8843864&p=1680690442,https://cookpad.com/recipe/7496712,春,others
春,春のビーフカレー　新玉とUSビーフ,https://img.cpcdn.com/recipes/7496655/200x296c/8d9abdeda2217d28999be23691b1f403?u=54534448&p=1680690172,https://cookpad.com/recipe/7496655,春,others
春,春キャベツのお好み焼き風,https://img.cpcdn.com/recipes/7496693/200x296c/26a6278812b0074540789f6ba04cc1d1?u=14027957&p=1680689351,https://cookpad.com/recipe/7496693,春,others
春,春の苺レアチーズケーキ,https://img.cpcdn.com/recipes/7496590/200x296c/f5bccdca7677234560c3c3167972b669?u=4034378&p=1680682704,https://cookpad.com/recipe/7496590,春,others
春,菜の花と春キャベツの和風スパゲティ,https://img.cpcdn.com/recipes/7496105/200x296c/10717a31e45952dd35e5c03e11fe8b4b?u=51664403&p=1680635514,https://cookpad.com/recipe/7496105,春,others
春,春キャベツとトマトの醤油スパゲッティ,https://img.cpcdn.com/recipes/7495595/200x296c/667670993cfd7bf905eb72cb86919600?u=24703197&p=1680585154,https://cookpad.com/recipe/7495595,春,others
春,アボカドとトマトダイスの春サラダ,https://img.cpcdn.com/recipes/7496291/200x296c/bd9675939732af41a4872f4aa0cc06cf?u=21635483&p=1680661132,https://cookpad.com/recipe/7496291,春,others
春,春キャベツと蒸し鶏のごまだれサラダ,https://img.cpcdn.com/recipes/3045837/200x296c/0e6d04fac7742aa28b6573216ddef559?u=10037065&p=1425347043,https://cookpad.com/dining/recipes/3045837,春,others
夏,鶏スペアリブと夏野菜のさっぱり煮,https://img.cpcdn.com/recipes/7481580/200x296c/aa6a3b7f2158faa6ac78f757e67b87e4?u=5117999&p=1679451218,https://cookpad.com/recipe/7481580,夏,others
夏,夏野菜たっぷりカレー,https://img.cpcdn.com/recipes/7479611/200x296c/86b07184da210e825501a6e037502f96?u=13530683&p=1679295243,https://cookpad.com/recipe/7480254,夏,others
夏,ストップ体脂肪！夏はゴーヤでダイエット,https://img.cpcdn.com/recipes/7477128/200x296c/35719fa4dcf2107be4658a0f630cf461?u=48782699&p=1679038549,https://cookpad.com/recipe/7479611,夏,others
夏,夏野菜グラタン風,https://img.cpcdn.com/recipes/7470711/200x296c/6e6825b17e5c889413c76d8d69b723bc?u=12336644&p=1678805862,https://cookpad.com/recipe/7477128,夏,others
夏,☆業スー冷凍夏野菜で和風ガパオ風ライス☆,https://img.cpcdn.com/recipes/7472693/200x296c/dc0ed45cc01b68b5d501b85c3e5e5dc6?u=54247306&p=1678598687,https://cookpad.com/recipe/7470711,夏,others
夏,チキンと夏野菜の揚げ浸し,https://img.cpcdn.com/recipes/7437115/200x296c/a13c9c398a08a6708e4d870fcf73b9a7?u=52986336&p=1675395600,https://cookpad.com/recipe/7472693,夏,others
夏,夏野菜の塩ラタトゥイユ,https://img.cpcdn.com/recipes/7461178/200x296c/d66ccf5a4ca173607f8bc059338defa1?u=12261929&p=1677457303,https://cookpad.com/recipe/7437115,夏,others
夏,夏のそうめん弁当,https://img.cpcdn.com/recipes/7437674/200x296c/f7e1c6169abc347c05f4efedc0397664?u=13065301&p=1675598825,https://cookpad.com/recipe/7461178,夏,others
夏,夏のじゃが芋大葉飯♪梅雨の胃腸不調に薬膳,https://img.cpcdn.com/recipes/7444467/200x296c/2694d98c1a7b04166a7ca3321cf8991a?u=10162094&p=1676032976,https://cookpad.com/recipe/7437674,夏,others
夏,夏野菜ゴーヤと緑黄色野菜とキノコの卵炒め,https://img.cpcdn.com/recipes/3912709/200x296c/6fd6385b0c0cfcfec0441d9f9ce0338b?u=10037065&p=1465782922,https://cookpad.com/recipe/7444467,夏,others
秋,味付け梅こぶ茶！秋のきのこご飯,https://img.cpcdn.com/recipes/7496185/200x296c/90a330cf2562fa6197ba26af48bd2e7c?u=13530683&p=1680653651,https://cookpad.com/recipe/7496185,秋,others
秋,鶏肉と秋の味覚のメープル炒め,https://img.cpcdn.com/recipes/7474488/200x296c/067c38453c13d579e4ac9d3f5ce851f5?u=14908526&p=1678777488,https://cookpad.com/recipe/7474488,秋,others
秋,秋ナスの肉巻き,https://img.cpcdn.com/recipes/7468359/200x296c/e0f8532720e6972483be7ac15230fc38?u=54247306&p=1678158292,https://cookpad.com/recipe/7468359,秋,others
秋,秋豆と玉ねぎのサラダ,https://img.cpcdn.com/recipes/7464304/200x296c/a7f9332fe8e382b40b53683c8f131b0d?u=53881068&p=1677743462,https://cookpad.com/recipe/7464304,秋,others
秋,秋の旬づくし和風アヒージョ,https://img.cpcdn.com/recipes/7442126/200x296c/03870e4f4a6b4dcb2027eecd743ba26b?u=17194339&p=1675843623,https://cookpad.com/recipe/7442126,秋,others
秋,食材３つだけの、夏バテ予防スープ,https://img.cpcdn.com/recipes/7496555/200x296c/2be2c95d1f51d111a982860b935d0f8f?u=3089349&p=1680680057,https://cookpad.com/recipe/7496555,秋,others
秋,【簡単フレンチ】秋鮭のブレゼ,https://img.cpcdn.com/recipes/7375493/200x296c/da4585b2206fc94f4b2e3d2c993454c7?u=10341103&p=1674018556,https://cookpad.com/recipe/7375493,秋,others
秋,秋がいい味出してる豚汁,https://img.cpcdn.com/recipes/7382595/200x296c/3a46993657df40359faf97784c56b9cb?u=12530262&p=1669969062,https://cookpad.com/recipe/7382595,秋,others
秋,秋鮭の梅しそ揚げ,https://img.cpcdn.com/recipes/7422115/200x296c/2c2d2ffce074cac413f8d385836cadb7?u=10866761&p=1674087357,https://cookpad.com/recipe/7422115,秋,others
秋,秋の味覚の豆乳みそ汁,https://img.cpcdn.com/recipes/7393048/200x296c/0783bc087b981b5d1117c673220027a1?u=29013569&p=1670998880,https://cookpad.com/recipe/7393048,秋,others
秋,秋鮭ときのこのしょうゆバター炊き込みご飯,https://img.cpcdn.com/recipes/3405879/200x296c/fd86e0a4ab870bd29734e7a0ba4700ba?u=10037065&p=1442285972,https://cookpad.com/dining/recipes/3405879,秋,others
冬,冬の焼き浸し,https://img.cpcdn.com/recipes/7473863/200x296c/c312ac15c7e843bbec7f730d310cd1db?u=46347751&p=1678835878,https://cookpad.com/recipe/7473863,冬,others
冬,生姜大葉炊き込みご飯♪冬カゼに漢方薬膳,https://img.cpcdn.com/recipes/7458018/200x296c/6fb0513cfc9fdd31e7f931964087430e?u=13065301&p=1677433720,https://cookpad.com/recipe/7458018,冬,others
冬,\おでんの残りで/冬限定の和風ポテサラ,https://img.cpcdn.com/recipes/7465458/200x296c/a900a25aa7f00afb2370c6b84dd4085c?u=54190388&p=1677846409,https://cookpad.com/recipe/7465458,冬,others
冬,ライ麦酵母のカンパーニュ（冬）,https://img.cpcdn.com/recipes/7432357/200x296c/e2e050dae86a50a49bb7df47d67a3768?u=17209863&p=1674972250,https://cookpad.com/recipe/7432357,冬,others
冬,寒い冬こそ！クラフトコーラ,https://img.cpcdn.com/recipes/7449107/200x296c/5da1321ea9f74bb6ede1bc9e81853d9f?u=58607&p=1676974497,https://cookpad.com/recipe/7449107,冬,others
冬,ごぼうが主役の五目煮〜冬の腸活〜,https://img.cpcdn.com/recipes/7452638/200x296c/629f0a428072e98328d9c05219b2fcab?u=10808258&p=1676715716,https://cookpad.com/recipe/7452638,冬,others
冬,ブロッコリーとキャベツの冬ポトフ,https://img.cpcdn.com/recipes/7449949/200x296c/061a947389be50304de00a07d1c74845?u=34576219&p=1676465098,https://cookpad.com/recipe/7449949,冬,others
冬,冬のごちそう　白菜のステーキ,https://img.cpcdn.com/recipes/7449567/200x296c/0bfa1e3c444baa398c220920cb0a29af?u=617792&p=1676445489,https://cookpad.com/recipe/7449567,冬,others
冬,【甘塩っぱい♪】冬にりんごと白菜のサラダ,https://img.cpcdn.com/recipes/7447718/200x296c/a3615f91b11def6a048bbe3af8b90fe8?u=1177754&p=1676285991,https://cookpad.com/recipe/7447718,冬,others
冬,ガトーショコラ☆冬のおやつ,https://img.cpcdn.com/recipes/7418468/200x296c/55327b0dae65397b05e7ac06efd2369a?u=5098713&p=1676203166,https://cookpad.com/recipe/7418468,冬,others
冬,冬のミネストローネ,https://img.cpcdn.com/recipes/2754889/200x296c/4c1f258a32f8752c6bdae9ca4a19b18b?u=10037065&p=1408499004,https://cookpad.com/dining/recipes/2754889,冬,others
体質,かぼちゃチーズサラダ♪簡単気血両虚体質に,https://img.cpcdn.com/recipes/7375286/200x296c/c41b99b4cc0bd246071ce2a24c3402a5?u=13065301&p=1669763119,https://cookpad.com/recipe/7375286,体質,others
体質,寿司酢で　蒸し生姜のガリ　体質肌質改善◎,https://img.cpcdn.com/recipes/7214926/200x296c/181008e2e42de841fff374237ec67bb8?u=38592349&p=1653916253,https://cookpad.com/recipe/7214926,体質,others
体質,米粉活用！ちくわフリッター,https://img.cpcdn.com/recipes/7486204/200x296c/5e5c14e7d8178792b6992c204b35a4a6?u=16891117&p=1679826432,https://cookpad.com/recipe/7486204,体質,others
体質,黒糖きな粉ヨーグルト@体質改善,https://img.cpcdn.com/recipes/6858252/200x296c/1140c86609d33760fb84f6841f5302c5?u=1993088&p=1625612776,https://cookpad.com/recipe/6858252,体質,others
体質,万能生姜だれで痩せ体質に,https://img.cpcdn.com/recipes/6834942/200x296c/11c239296e5eafbbce703c6daf19211a?u=7682056&p=1624080769,https://cookpad.com/recipe/6834942,体質,others
体質,【毎日の健康＆体質改善】レンチン玉ねぎ♪,https://img.cpcdn.com/recipes/6820893/200x296c/47909d7801effc8ef4077532ea4fd6e0?u=921598&p=1623213766,https://cookpad.com/recipe/6820893,体質,others
体質,アレルギー体質改善！酢レンコン,https://img.cpcdn.com/recipes/6725359/200x296c/8839a5f8441eb790bda9b348b4e833da?u=44505903&p=1617780126,https://cookpad.com/recipe/6725359,体質,others
体質,花粉症対策！ヨーグルトコールスローサラダ,https://img.cpcdn.com/recipes/7461145/200x296c/cea6ebafefe96bbfa22d9b7c3a43e31d?u=26312299&p=1677496139,https://cookpad.com/recipe/7461145,体質,others
体質,ハーブティー　体質改善　ネトル,https://img.cpcdn.com/recipes/5972492/200x296c/edd25dc891b3c51a975ff068c374d630?u=33942390&p=1578096190,https://cookpad.com/recipe/5972492,体質,others
体質,簡単キッチャリ－,https://img.cpcdn.com/recipes/7461071/200x296c/b4a2e362601c4e5c09f08aee96726394?u=42818502&p=1677444151,https://cookpad.com/recipe/7461071,体質,others
時短・簡単,万能ダレで時短　簡単ブリの照り焼き✨✨,https://img.cpcdn.com/recipes/7495845/200x296c/c4854deb1d15afb60618a5ad215a0ba5?u=39529806&p=1680602043,https://cookpad.com/recipe/7495845,時短・簡単,others
時短・簡単,白菜と豚肉のミルフィーユ時短簡単ヘルシー,https://img.cpcdn.com/recipes/7029971/200x296c/2b478c66d8b518e43447888d23f67b41?u=12440026&p=1638069308,https://cookpad.com/recipe/7029971,時短・簡単,others
時短・簡単,時短！簡単！安い！ナムル！,https://img.cpcdn.com/recipes/7491717/200x296c/671ad93860937004e7456bd26c278831?u=287321&p=1680255192,https://cookpad.com/recipe/7491965,時短・簡単,others
時短・簡単,レンジで3分簡単肉豆腐,https://img.cpcdn.com/recipes/7484227/200x296c/8005fc70959fe7e31e907d13d8b6bb43?u=35892343&p=1679665205,https://cookpad.com/recipe/7491717,時短・簡単,others
時短・簡単,時短簡単！小松菜と豚小間のめんつゆ炒め,https://img.cpcdn.com/recipes/7483254/200x296c/9eec5a319bbc616031c954cffe9709c3?u=51280205&p=1679576411,https://cookpad.com/recipe/7484227,時短・簡単,others
時短・簡単,時短☆簡単　厚揚げとキャベツ★回鍋肉風,https://img.cpcdn.com/recipes/7466560/200x296c/f8027953dc3c3d2dd443cabc583994d6?u=11362884&p=1678056522,https://cookpad.com/recipe/7483254,時短・簡単,others
時短・簡単,レンジ時短で簡単！じゃがいものそぼろ煮,https://img.cpcdn.com/recipes/7474957/200x296c/4fd33e9fafd590250786c615e497134d?u=10688186&p=1678799834,https://cookpad.com/recipe/7466560,時短・簡単,others
時短・簡単,時短簡単失敗無しのハンバーグ入りオムレツ,https://img.cpcdn.com/recipes/7473217/200x296c/e6c41c6a4135747b18cccf15363b2336?u=22178827&p=1678631208,https://cookpad.com/recipe/7474957,時短・簡単,others
時短・簡単,時短！簡単！新玉ねぎサラダ,https://img.cpcdn.com/recipes/7469127/200x296c/ff637fd367685cb206d9136596b40c5b?u=3072066&p=1678240879,https://cookpad.com/recipe/7473217,時短・簡単,others
時短,レンジで時短！ 『たけのこシューマイ』,https://img.cpcdn.com/recipes/7468251/200x296c/4a3ff2bbfb6cfe8c5dbf96e94d279fc5?u=10521035&p=1678148191,https://cookpad.com/recipe/7468251,時短,others
時短,レンジで時短！ベーコンポテトサラダ,https://img.cpcdn.com/recipes/7496428/200x296c/ba0530ca1ded421d53ce8fbfc77f3b46?u=26312299&p=1680671538,https://cookpad.com/recipe/7496428,時短,others
時短,冷凍オクラほうれん草3分レンチン,https://img.cpcdn.com/recipes/7495338/200x296c/32eca4559c2588a1328d9df927faeaff?u=11989396&p=1680561842,https://cookpad.com/recipe/7495338,時短,others
時短,時短やわらかチキン甘辛,https://img.cpcdn.com/recipes/7495295/200x296c/55ce23efdc552aa75b942bbf371d09a3?u=1878328&p=1680556525,https://cookpad.com/recipe/7495295,時短,others
時短,調味料いらずの3分きゅうりのおつまみ♪,https://img.cpcdn.com/recipes/7494742/200x296c/7d8776c379c6154f63bd4ea675e3fa11?u=13530683&p=1680496810,https://cookpad.com/recipe/7494742,時短,others
時短,レンチン3分！！ココア蒸しパン,https://img.cpcdn.com/recipes/7494542/200x296c/b18b3a60c755257f09798ab847c90400?u=2227778&p=1680475162,https://cookpad.com/recipe/7494542,時短,others
時短,簡単!!時短!!白だしパスタ,https://img.cpcdn.com/recipes/7493098/200x296c/63d2ac6d66af24b32bd5646e0a4c0d98?u=15361252&p=1680361314,https://cookpad.com/recipe/7493098,時短,others
時短,【米粉活用】豆腐のヘルシー時短からあげ,https://img.cpcdn.com/recipes/7492627/200x296c/66ef136f67d37131f6aed3785152ac50?u=13278360&p=1680336229,https://cookpad.com/recipe/7492627,時短,others
時短,スピードぶり大根,https://img.cpcdn.com/recipes/2762229/200x296c/cbb7d6778a28442a468b4c49cc8f8d7f?u=10037065&p=1408503026,https://cookpad.com/dining/recipes/2762229,時短,others
簡単,【簡単】鮭とキャベツのフライパン蒸し,https://img.cpcdn.com/recipes/7496883/200x296c/9393f794d4634bf468507a3a90ec5d3d?u=11076870&p=1680701328,https://cookpad.com/recipe/7496883,簡単,others
簡単,【副菜】新玉ねぎで簡単とろりん♡,https://img.cpcdn.com/recipes/7496734/200x296c/f011908b52bcb1063633c859040eaf8d?u=12965162&p=1680691885,https://cookpad.com/recipe/7496734,簡単,others
簡単,簡単！シャウエッセンとアスパラの白だし蒸,https://img.cpcdn.com/recipes/7496862/200x296c/a3c778fffe22ca5ccfceba9e5f15be5f?u=4376699&p=1680699770,https://cookpad.com/recipe/7496862,簡単,others
簡単,黄金比で簡単♪お弁当にも☆ちくわの肉巻き,https://img.cpcdn.com/recipes/7496161/200x296c/2749629c347c4bef52864c5e4b273861?u=4845601&p=1680649845,https://cookpad.com/recipe/7496161,簡単,others
簡単,しらす＆カンタン酢で豆腐サラダ,https://img.cpcdn.com/recipes/7496837/200x296c/298fbd3e8e0d841d9a16624c9ed3b4ec?u=50981042&p=1680697981,https://cookpad.com/recipe/7496837,簡単,others
簡単,簡単　お好み焼き！,https://img.cpcdn.com/recipes/7496686/200x296c/16aa332218e6f3eceee6f7fd3f917962?u=42184810&p=1680689031,https://cookpad.com/recipe/7496802,簡単,others
簡単,卵のいらないふわふわ簡単ハンバーグ,https://img.cpcdn.com/recipes/7496791/200x296c/3eac6c46b1adf9be26fe146521697557?u=42943531&p=1680694780,https://cookpad.com/recipe/7496686,簡単,others
簡単,【簡単】コーン缶の天ぷら,https://img.cpcdn.com/recipes/7496480/200x296c/88f8406220a2351f6f2a3eb8f0477067?u=2614894&p=1680681530,https://cookpad.com/recipe/7496791,簡単,others
簡単,簡単おから煮,https://img.cpcdn.com/recipes/3650086/200x296c/50fc8d83d7ef63ac8fd81a11704110be?u=10037065&p=1453948150,https://cookpad.com/recipe/7496480,簡単,others
安い,ワンパンで出来る♡節約プルコギ,https://img.cpcdn.com/recipes/7496344/200x296c/d70e39293f7a28e6d9318311cd449e3c?u=52231932&p=1680667065,https://cookpad.com/recipe/7496344,"安い, 金欠, 節約",others
安い,節約料理　えのきチヂミ,https://img.cpcdn.com/recipes/7496018/200x296c/2cc7859a57a88b9f410b644199fa8c61?u=52000025&p=1680613480,https://cookpad.com/recipe/7496018,"安い, 金欠, 節約",others
安い,安いけどご馳走、幸せ簡単鶏モモスープ✨,https://img.cpcdn.com/recipes/7495780/200x296c/0cfc7286ee1582b012a3e4ed008817ff?u=45896121&p=1680598517,https://cookpad.com/recipe/7495780,"安い, 金欠, 節約",others
安い,安い！本格！マッシュルームのポタージュ,https://img.cpcdn.com/recipes/7495486/200x296c/8e74b8c5173987e33fcc8659f3ee1169?u=12305674&p=1680577270,https://cookpad.com/recipe/7495737,"安い, 金欠, 節約",others
安い,節約！お好み焼き粉でチヂミ,https://img.cpcdn.com/recipes/7494996/200x296c/27708ebc3eac41a3819cb719a7935388?u=54534448&p=1680516617,https://cookpad.com/recipe/7495486,"安い, 金欠, 節約",others
安い,親子丼リメイク　節約レシピ,https://img.cpcdn.com/recipes/7479178/200x296c/c58977bea29deed50c1be480c519868f?u=5137089&p=1679242414,https://cookpad.com/recipe/7494996,"安い, 金欠, 節約",others
安い,節約な油淋鶏,https://img.cpcdn.com/recipes/7494357/200x296c/3a831e28c682c75a6e3cfa49969a0b97?u=54317177&p=1680511044,https://cookpad.com/recipe/7479178,"安い, 金欠, 節約",others
安い,簡単☆節約！木綿豆腐で凍り豆腐※高野豆腐,https://img.cpcdn.com/recipes/7485531/200x296c/e3ffcbd32cc336bfbcded2ff973db7d7?u=36882932&p=1679794778,https://cookpad.com/recipe/7494357,"安い, 金欠, 節約",others
リーズナブル,リーズナブルで美味しい ちくわのおつまみ,https://img.cpcdn.com/recipes/7473866/200x296c/cfa129bcfc0c7fa11bc4fc387f523171?u=17703681&p=1678698408,https://cookpad.com/recipe/7473866,"安い, 金欠, 節約",others
リーズナブル,☆リーズナブルもやしチヂミ☆,https://img.cpcdn.com/recipes/7442515/200x296c/420c46ed5161431670cd13ac527be628?u=53422720&p=1675863560,https://cookpad.com/recipe/7442515,"安い, 金欠, 節約",others
リーズナブル,簡単ケーキは食パンで,https://img.cpcdn.com/recipes/7492655/200x296c/5f7ff7c8c86af2a8862f2818cedf15a9?u=53465638&p=1680337910,https://cookpad.com/recipe/7492655,"安い, 金欠, 節約",others
リーズナブル,激うま　うなぎ飯（リーズナブル）,https://img.cpcdn.com/recipes/7263324/200x296c/7b91abcad2ea5dd1cbcf699ee1aab7b4?u=27595221&p=1658546715,https://cookpad.com/recipe/7263324,"安い, 金欠, 節約",others
リーズナブル,はんぺん入りのえびしそカツ,https://img.cpcdn.com/recipes/7434267/200x296c/4050ee8cc165fc764092c99626bdf440?u=4083401&p=1675133660,https://cookpad.com/recipe/7434267,"安い, 金欠, 節約",others
リーズナブル,牛肉とエリンギ★濃厚バター醬油,https://img.cpcdn.com/recipes/7485297/200x296c/8a466319a1eb54c6476b33a73098666d?u=38735968&p=1679818107,https://cookpad.com/recipe/7485297,"安い, 金欠, 節約",others
リーズナブル,柔らかい！極厚牛モモステーキ　低温調理,https://img.cpcdn.com/recipes/7484874/200x296c/ae4b9a845615fc9af350fcfb5b5ac6a5?u=49565672&p=1679732874,https://cookpad.com/recipe/7484874,"安い, 金欠, 節約",others
リーズナブル,簡単！リーズナブル！フライパンでパエリア,https://img.cpcdn.com/recipes/7123562/200x296c/c6f74b41b5086f0a02864b37fab6a431?u=13763798&p=1645542923,https://cookpad.com/recipe/7123562,"安い, 金欠, 節約",others
リーズナブル,クリスマス♪リーズナブルなヘルシー唐揚げ,https://img.cpcdn.com/recipes/7046932/200x296c/c0925ea286be72e36a873d0c0e110dd8?u=33961175&p=1639522044,https://cookpad.com/recipe/7046932,"安い, 金欠, 節約",others
リーズナブル,鶏胸肉であっさり！ダイエット餃子♡,https://img.cpcdn.com/recipes/7478756/200x296c/c67a6c36a5911b42a2222b9575336e09?u=7567504&p=1679210554,https://cookpad.com/recipe/7478756,"安い, 金欠, 節約",others
金欠,大金欠シリーズ第四弾　これが旨いおにぎり,https://img.cpcdn.com/recipes/7468107/200x296c/965360356f53c19a836cfb4dd0142716?u=52517394&p=1678112782,https://cookpad.com/recipe/7468107,"安い, 金欠, 節約",others
金欠,金欠ズボラ男の納豆炒め,https://img.cpcdn.com/recipes/7361055/200x296c/fd5b0fca179816a2cab59a3c409d3ea9?u=50148054&p=1667814437,https://cookpad.com/recipe/7361055,"安い, 金欠, 節約",others
金欠,【金欠】ツナと野菜のポン酢和え,https://img.cpcdn.com/recipes/7033135/200x296c/5eab6754e6d4d351bfca0ae62ba917b3?u=28910481&p=1638320004,https://cookpad.com/recipe/7121681,"安い, 金欠, 節約",others
金欠,金欠おかかチーズ！！！,https://img.cpcdn.com/recipes/6832771/200x296c/924aa0378e13b44d0b32d6c5def82da5?u=19151766&p=1623929134,https://cookpad.com/recipe/7033135,"安い, 金欠, 節約",others
金欠,金欠・ベーコンキャベツこんにゃくお好み焼,https://img.cpcdn.com/recipes/6780310/200x296c/4f3db01ffaf479f373cd40ea6a583130?u=29405310&p=1620965349,https://cookpad.com/recipe/6832771,"安い, 金欠, 節約",others
金欠,金欠による卵焼き,https://img.cpcdn.com/recipes/6288714/200x296c/f5aa1b60e9b63c6e1bcb8a1356bb5a85?u=32148131&p=1591744260,https://cookpad.com/recipe/6780310,"安い, 金欠, 節約",others
金欠,金欠に満足きのこのおじや,https://img.cpcdn.com/recipes/6124639/200x296c/07b6300896057c4d6414aebb0c0287aa?u=7163835&p=1586421833,https://cookpad.com/recipe/6288714,"安い, 金欠, 節約",others
金欠,適当☆金欠麻婆たまご,https://img.cpcdn.com/recipes/6084116/200x296c/13a5cd0d66963c8259501890cbd22a16?u=16350141&p=1584276337,https://cookpad.com/recipe/6124639,"安い, 金欠, 節約",others
金欠,金欠？インスタ映え完全無視！卵とじ豆腐丼,https://img.cpcdn.com/recipes/5851774/200x296c/e8502a36c5839ccd211164de9d115770?u=4938902&p=1570015819,https://cookpad.com/recipe/6084116,"安い, 金欠, 節約",others
節約,貧乏飯インフィニティ〜中華風ポタージュ〜,https://img.cpcdn.com/recipes/7491344/200x296c/fd87573d9dea9dd7f8c2c41bd3df6578?u=49510542&p=1680233302,https://cookpad.com/recipe/7491344,"安い, 金欠, 節約",others
節約,節約☆練り天入り小松菜鍋,https://img.cpcdn.com/recipes/7489368/200x296c/bbaee0f3ce3fcf570e6106ac5814316d?u=12726007&p=1680079636,https://cookpad.com/recipe/7489368,"安い, 金欠, 節約",others
節約,簡単節約☆鶏ささみでプリッと♪エビマヨ風,https://img.cpcdn.com/recipes/7488729/200x296c/37127c2dc82154e175bbef881f73f38f?u=4845601&p=1680044988,https://cookpad.com/recipe/7488729,"安い, 金欠, 節約",others
節約,凄く簡単な貧乏ケーキ,https://img.cpcdn.com/recipes/7488257/200x296c/0a5d272bdfd0903e10f248f7e18190d8?u=11108104&p=1679998589,https://cookpad.com/recipe/7488516,"安い, 金欠, 節約",others
節約,節約★ミートソースパスタ,https://img.cpcdn.com/recipes/7487784/200x296c/c35f4ab8392a52089e0a64dc34a28005?u=52913355&p=1679969983,https://cookpad.com/recipe/7488257,"安い, 金欠, 節約",others
節約,安い合い挽きが　旨い　ハンバーグレシピ,https://img.cpcdn.com/recipes/7486559/200x296c/839bdf336fce212b08bfd0deed19c430?u=52631172&p=1679871107,https://cookpad.com/recipe/7487784,"安い, 金欠, 節約",others
節約,節約時短！ささっとネギ炒め,https://img.cpcdn.com/recipes/7486760/200x296c/b16f6a84965c6a4ccf64d7d67dd2b86a?u=617792&p=1679886724,https://cookpad.com/recipe/7486559,"安い, 金欠, 節約",others
節約,激安メニュー　たぬき豆腐,https://img.cpcdn.com/recipes/7482436/200x296c/bc8345a9e0665254ced47dc27a0df9fc?u=6370399&p=1679537274,https://cookpad.com/recipe/7486760,"安い, 金欠, 節約",others
節約,豆腐だけ簡単！節約 豆腐の煮物 朝食にも,https://img.cpcdn.com/recipes/7486493/200x296c/aa0d0c2b32430e6a6a159a0b173f9b57?u=41309452&p=1679849304,https://cookpad.com/recipe/7482436,"安い, 金欠, 節約",others
離乳食,【離乳食】手づかみうどん,https://img.cpcdn.com/recipes/7496915/200x296c/b53d51d36218835cf195ce6a8a5f3e1b?u=7672469&p=1680704799,https://cookpad.com/recipe/7496915,離乳食,others
離乳食,玉ねぎだしのミックス野菜味噌汁　離乳食,https://img.cpcdn.com/recipes/7494485/200x296c/e8d9c47f873aa9da464a720411ae4fe3?u=14610444&p=1680459088,https://cookpad.com/recipe/7494485,離乳食,others
離乳食,離乳食完了期　ピーマンとごぼうのきんぴら,https://img.cpcdn.com/recipes/7495668/200x296c/edb52c7a3ebed621bce5ee0bfe36f385?u=28437691&p=1680589879,https://cookpad.com/recipe/7495668,離乳食,others
離乳食,【離乳食中期】鶏むね肉と野菜の炊いたん,https://img.cpcdn.com/recipes/7495718/200x296c/0dab3a96ee9577f48f6f2023142d3bc1?u=17367652&p=1680594755,https://cookpad.com/recipe/7495718,離乳食,others
離乳食,離乳食に！さつまいも甘酒カスタード,https://img.cpcdn.com/recipes/7494700/200x296c/c3a4d4d458ece940756658600f3d1955?u=54501420&p=1680493857,https://cookpad.com/recipe/7494700,離乳食,others
離乳食,米粉のお好み焼き(離乳食完了期),https://img.cpcdn.com/recipes/7491910/200x296c/253e8cbaacb54acfdf8ffaec677c797c?u=8749410&p=1680267132,https://cookpad.com/recipe/7491910,離乳食,others
離乳食,離乳食〜幼児食★ほうれん草サラダ,https://img.cpcdn.com/recipes/7343976/200x296c/88f077a02e96c3be3fbddfcec324fb22?u=7967857&p=1679300026,https://cookpad.com/recipe/7343976,離乳食,others
離乳食,離乳食にも　カボチャだんご,https://img.cpcdn.com/recipes/7493718/200x296c/bdc4e3943e0068a7ae19893a9b5109fc?u=2345223&p=1680416140,https://cookpad.com/recipe/7493718,離乳食,others
離乳食,【離乳食後期】米粉のパンケーキ,https://img.cpcdn.com/recipes/7493433/200x296c/10892c64a1e44ca83573f9cab375af6b?u=6778337&p=1680401503,https://cookpad.com/recipe/7493433,離乳食,others
離乳食,離乳食完了期☆米粉のお好み焼き,https://img.cpcdn.com/recipes/7493323/200x296c/7b16b33fb52410953a8d0928d415b313?u=6142509&p=1680394460,https://cookpad.com/recipe/7493323,離乳食,others
コッテリ,こってり濃厚！胡麻香るパンダ風鍋,https://img.cpcdn.com/recipes/7419763/200x296c/f9d62aaba416c390ba5da7b652d297b0?u=2923556&p=1680439741,https://cookpad.com/recipe/7419763,コッテリ,others
コッテリ,豚ロースとじゃがいものこってりテリマヨ,https://img.cpcdn.com/recipes/7478172/200x296c/7b15bed75b8035febcb4ad5595ed129e?u=46178030&p=1679140544,https://cookpad.com/recipe/7478172,コッテリ,others
コッテリ,5分おつまみ♪こってり肉味噌やっこ,https://img.cpcdn.com/recipes/7471542/200x296c/54492f3d2971dc48d5e2869e3590d5d3?u=4844906&p=1678450117,https://cookpad.com/recipe/7471542,コッテリ,others
コッテリ,こってり柔らか〜★ヨーグルト漬け生姜焼き,https://img.cpcdn.com/recipes/7456196/200x296c/c4fefcd4658f743ada873586e624f04d?u=38735968&p=1677033069,https://cookpad.com/recipe/7456196,コッテリ,others
コッテリ,こってり♪鯛のあら炊き,https://img.cpcdn.com/recipes/7443475/200x296c/04968c5570f4cd057eb15a50560b9a13?u=31612663&p=1675945749,https://cookpad.com/recipe/7443475,コッテリ,others
コッテリ,こってり味噌煮込み！豚バラ大根✨,https://img.cpcdn.com/recipes/7436562/200x296c/8da0d076b045cf8409cca1ec3c167093?u=52446798&p=1675334817,https://cookpad.com/recipe/7436562,コッテリ,others
コッテリ,こってりさっぱりスタミナトンテキ！,https://img.cpcdn.com/recipes/7433838/200x296c/674715c411706285d0f614bdb6b936d2?u=3475388&p=1675083678,https://cookpad.com/recipe/7433838,コッテリ,others
コッテリ,発酵食品最高！豚肉コッテリ炒め,https://img.cpcdn.com/recipes/7428830/200x296c/7b49ffc03bdacb6ce17d894a8a9515c9?u=33890866&p=1674721640,https://cookpad.com/recipe/7428830,コッテリ,others
コッテリ,醤油酒粕使用☆手羽元のオーブン焼き,https://img.cpcdn.com/recipes/7493293/200x296c/875fac7e21753a30f520945b3c54c64a?u=49164352&p=1680614312,https://cookpad.com/recipe/7493293,コッテリ,others
コッテリ,こってり豚バラ大根の煮込み,https://img.cpcdn.com/recipes/7421799/200x296c/1fb50902640a4c89aec66b21e4621d64?u=26255460&p=1674092929,https://cookpad.com/recipe/7421799,コッテリ,others
コッテリ,こってり甘辛鶏チャーシュウ,https://img.cpcdn.com/recipes/4066451/200x296c/2bb2d9d976c8def21d72a03c20014f90?u=10037065&p=1473835830,https://cookpad.com/dining/recipes/4066451,コッテリ,others
さっぱり,さっぱり系にしん豆,https://img.cpcdn.com/recipes/7496245/200x296c/acfb68d06a7a1daae811ff2d60373577?u=62566&p=1680658338,https://cookpad.com/recipe/7496245,さっぱり,others
さっぱり,豚肉とアスパラのさっぱりうま塩炒め,https://img.cpcdn.com/recipes/7495452/200x296c/1100b1e7c25bafca1fed2b570fba6122?u=297834&p=1680573470,https://cookpad.com/recipe/7495452,さっぱり,others
さっぱり,新しょうがと豚肉のさっぱり炒め,https://img.cpcdn.com/recipes/7494960/200x296c/ec65f994c508abadb8bf42ed73c81057?u=889452&p=1680514753,https://cookpad.com/recipe/7494960,さっぱり,others
さっぱり,梅酢パワーで食欲増進！さっぱり春雨サラダ,https://img.cpcdn.com/recipes/7494759/200x296c/94b0588a0caffdb8c5082f4b8b0f60bd?u=13530683&p=1680498293,https://cookpad.com/recipe/7494759,さっぱり,others
さっぱり,牛肉とトマトの炒め煮・ワンパンさっぱり,https://img.cpcdn.com/recipes/7494698/200x296c/3ed06d30afaad419ed092fcc4c2c77cd?u=16711937&p=1680493406,https://cookpad.com/recipe/7494698,さっぱり,others
さっぱり,さっぱり美味しい！ぶたバーグ,https://img.cpcdn.com/recipes/7490383/200x296c/941b3295609928f96f08be7812e1cd50?u=5384802&p=1680481992,https://cookpad.com/recipe/7490383,さっぱり,others
さっぱり,簡単♪さっぱりアジの南蛮漬け,https://img.cpcdn.com/recipes/7493017/200x296c/ef0a18e33b511c821cf6ea1412376b73?u=2717454&p=1680356084,https://cookpad.com/recipe/7493017,さっぱり,others
さっぱり,白ワインのお供に！セロリのさっぱり浅漬け,https://img.cpcdn.com/recipes/7494396/200x296c/2abd01f3b13bda646dfc40864ef93e13?u=9934437&p=1680444857,https://cookpad.com/recipe/7494396,さっぱり,others
さっぱり,♡米粉生地とさっぱり仕上げの広島焼♡,https://img.cpcdn.com/recipes/7493712/200x296c/959a724fd21edd9787ce8ce7df2920dc?u=1308228&p=1680415837,https://cookpad.com/recipe/7493712,さっぱり,others
さっぱり,さっぱり茄子、ピーマン（レンジ）,https://img.cpcdn.com/recipes/7493100/200x296c/a15e347595cbd43050c2a554db1639cb?u=484804&p=1680362766,https://cookpad.com/recipe/7493100,さっぱり,others
さっぱり,じゃがいもとゆで鶏のさっぱりあえ,https://img.cpcdn.com/recipes/3376612/200x296c/dab85aff4b7e4daf131b080a8a7a8ddb?u=10037065&p=1441089685,https://cookpad.com/dining/recipes/3376612,さっぱり,others
かわいい,かわいい ミニミニ ウィンナーエピ,https://img.cpcdn.com/recipes/7496328/200x296c/7b882310c1add84e0479d96498e72886?u=31632469&p=1680665563,https://cookpad.com/recipe/7496328,かわいい,others
かわいい,キラキラ可愛い簡単おやつ★べっこう飴,https://img.cpcdn.com/recipes/7494780/200x296c/58283e2e24ec7c0bd8958e995d3c0f18?u=16232333&p=1680499978,https://cookpad.com/recipe/7494780,かわいい,others
かわいい,可愛い、お麩入りお味噌汁♪出汁たっぷり♡,https://img.cpcdn.com/recipes/7486649/200x296c/d9ff50cc676cca6d07bfcbacf137a894?u=52888464&p=1679880271,https://cookpad.com/recipe/7486649,かわいい,others
かわいい,♡とっても可愛いクッキーブラウニー♡,https://img.cpcdn.com/recipes/7445584/200x296c/da4c63d7eddd7111f5f91349ea2e066b?u=4738489&p=1679259161,https://cookpad.com/recipe/7445584,かわいい,others
かわいい,夜食に♪小さな可愛い三角おにぎり,https://img.cpcdn.com/recipes/7483126/200x296c/0b8c20b8095f59ea11c68e414e797ccd?u=17010273&p=1679569552,https://cookpad.com/recipe/7483126,かわいい,others
かわいい,朝活に！おしゃれでかわいいホットサンド,https://img.cpcdn.com/recipes/7482177/200x296c/1ba5af8ce7e21451bb62bfadbfc50e4d?u=8316480&p=1679493281,https://cookpad.com/recipe/7482177,かわいい,others
かわいい,米粉マドレーヌ可愛い栗,https://img.cpcdn.com/recipes/7481678/200x296c/92789cecb89320e75838fea72bd7f7a0?u=2926527&p=1679459528,https://cookpad.com/recipe/7481678,かわいい,others
かわいい,揚げない！簡単可愛い♡ひなあられ ,https://img.cpcdn.com/recipes/7481660/200x296c/c0b302921d453128f525fbdb3aca4f3b?u=6892794&p=1679458108,https://cookpad.com/recipe/7481660,かわいい,others
かわいい,♡可愛い・赤パン（いちご缶で）,https://img.cpcdn.com/recipes/7481320/200x296c/ea0fc55fa61692077f069c3715f95d55?u=46684425&p=1679411355,https://cookpad.com/recipe/7481320,かわいい,others
かわいい,ぐるぐるかわいい★サンドイッチ,https://img.cpcdn.com/recipes/7481430/200x296c/9cf370138fab63199b228165ecf64692?u=10844253&p=1679439357,https://cookpad.com/recipe/7481430,かわいい,others
かわいい,かわいいお花の手ごねピザ,https://img.cpcdn.com/recipes/4244702/200x296c/e7df566335b5065ceae487d69f3bb776?u=10037065&p=1482130983,https://cookpad.com/dining/recipes/4244702,かわいい,others
おしゃれ,子どもの苦手なミルクをオシャレに美味しく,https://img.cpcdn.com/recipes/7487989/200x296c/a0a1ab1532b5c0acea73d116a07c3008?u=17748541&p=1679981458,https://cookpad.com/recipe/7487989,おしゃれ,others
おしゃれ,オシャレな　焼き玉ねぎ,https://img.cpcdn.com/recipes/7487909/200x296c/09617c1e2342642dcc1352a8b8832a20?u=51652656&p=1679998729,https://cookpad.com/recipe/7487909,おしゃれ,others
おしゃれ,家にあるものでおしゃれなチーズタルト,https://img.cpcdn.com/recipes/7485971/200x296c/6623b4dab1523a3d4de4a8d096fc7049?u=2580889&p=1679815990,https://cookpad.com/recipe/7485971,おしゃれ,others
おしゃれ,おしゃれ副菜♪さっぱり梅酢ピクルス,https://img.cpcdn.com/recipes/7483625/200x296c/1cbd6811b1d984a4073ae25ef9d1b63a?u=13530683&p=1679624763,https://cookpad.com/recipe/7483625,おしゃれ,others
おしゃれ,オシャレ朝食に♡グリンピースポタージュ♪,https://img.cpcdn.com/recipes/7478379/200x296c/a0430cad3b7b9827fcf2ced8258288ad?u=7085111&p=1679183359,https://cookpad.com/recipe/7478379,おしゃれ,others
おしゃれ,簡単おしゃれ！ポテサラの生ハム巻き♪,https://img.cpcdn.com/recipes/7476102/200x296c/1a8b9590fae1e5d1e143a77cb0b6c36c?u=16200559&p=1678933238,https://cookpad.com/recipe/7476102,おしゃれ,others
おしゃれ,オシャレなフルーツサンド♡ *･゜,https://img.cpcdn.com/recipes/7474106/200x296c/12d88a597c3d55672eccbaf216980b59?u=54331013&p=1678715714,https://cookpad.com/recipe/7474106,おしゃれ,others
おしゃれ,味噌のおしゃれディップソース　鶏のグリル,https://img.cpcdn.com/recipes/7472640/200x296c/98ac0f73c8ef7c3fcfde8f2e3286397f?u=657504&p=1678595211,https://cookpad.com/recipe/7472640,おしゃれ,others
おしゃれ,おしゃれ！ぶどうとミルクのキラキラゼリー,https://img.cpcdn.com/recipes/7471313/200x296c/29bf7dd43ee92469fd134225b0b7ec42?u=39661675&p=1678432953,https://cookpad.com/recipe/7471313,おしゃれ,others
お弁当,私のお弁当⑨やわらかい♡とりつくね弁,https://img.cpcdn.com/recipes/7496793/200x296c/86c9c929f29e25552e6c56342c99a8e0?u=24261786&p=1680694785,https://cookpad.com/recipe/7496793,お弁当,others
お弁当,忙しい朝の小学校のお弁当☆,https://img.cpcdn.com/recipes/7496674/200x296c/dac119939f22e0fb8abf314c73a6f024?u=43796797&p=1680688171,https://cookpad.com/recipe/7496674,お弁当,others
お弁当,息子、娘のお弁当,https://img.cpcdn.com/recipes/7496151/200x296c/e90afe3e2af06d7bfeb7e6b096d0c291?u=28671641&p=1680648739,https://cookpad.com/recipe/7496151,お弁当,others
お弁当,作り置き♡弁当♡筍とエリンギの白だし煮,https://img.cpcdn.com/recipes/7496494/200x296c/b1b522ff90ada757918f1dca740c1aae?u=12128516&p=1680676052,https://cookpad.com/recipe/7496494,お弁当,others
お弁当,今日のお弁当,https://img.cpcdn.com/recipes/7496365/200x296c/f3cee9648fd214af883232154b60e217?u=2894472&p=1680666794,https://cookpad.com/recipe/7496365,お弁当,others
お弁当,ゾウさんウィンナー飾り切り☆お弁当に♪,https://img.cpcdn.com/recipes/7496341/200x296c/971d1b5210bb2fccfe034d85709734c6?u=10460376&p=1680665095,https://cookpad.com/recipe/7496341,お弁当,others
お弁当,ひじき煮入り卵焼き☆豚バラ茄子巻きお弁当,https://img.cpcdn.com/recipes/7496153/200x296c/fa740c553681526823ca19e624830974?u=4111933&p=1680649005,https://cookpad.com/recipe/7496153,お弁当,others
お弁当,娘のお弁当406,https://img.cpcdn.com/recipes/7496238/200x296c/16183593d80f060e00597b273c57e3bd?u=1688001&p=1680657674,https://cookpad.com/recipe/7496238,お弁当,others
お弁当,お弁当2023年4月5日,https://img.cpcdn.com/recipes/7496124/200x296c/fc4b02c673723cd67820ab4dd60287e2?u=40691818&p=1680654954,https://cookpad.com/recipe/7496124,お弁当,others
お弁当,焼き鳥丼弁当,https://img.cpcdn.com/recipes/2772432/200x296c/c4e13c87e3d886d1d7209397df649462?u=10037065&p=1427976228,https://cookpad.com/dining/recipes/2772432,お弁当,others
キャラ弁,だるまちいかわ弁当☆ちいかわキャラ弁,https://img.cpcdn.com/recipes/7491099/200x296c/8a4eb1c58f0f9b48e79dc3f403c1a115?u=11757487&p=1680209104,https://cookpad.com/recipe/7491099,キャラ弁,others
キャラ弁,キャラ弁☆魔いりました　カルエゴ先生,https://img.cpcdn.com/recipes/7490085/200x296c/7033f0eea2ade1796dfaa49451351089?u=5475578&p=1680134137,https://cookpad.com/recipe/7490085,キャラ弁,others
キャラ弁,キャラ弁　クレヨンしんちゃん,https://img.cpcdn.com/recipes/7489551/200x296c/9bea826cbf3c038a17818dd727c8f0a3?u=44622450&p=1680085994,https://cookpad.com/recipe/7489551,キャラ弁,others
キャラ弁,男の子キャラ弁♪SLマン♪アンパンマン,https://img.cpcdn.com/recipes/7485435/200x296c/9cd63ef1fcafb6226b58fe222465f13a?u=16390749&p=1679787924,https://cookpad.com/recipe/7485435,キャラ弁,others
キャラ弁,キャラ弁　ちいかわ,https://img.cpcdn.com/recipes/7483491/200x296c/e5a23f5ca92d7f124b163912743736d6?u=6323504&p=1679616272,https://cookpad.com/recipe/7483491,キャラ弁,others
キャラ弁,キャラ弁*卒業おめでとうありがとう弁当♪,https://img.cpcdn.com/recipes/7475098/200x296c/a8ee9ae02ff21acfcd05bc818fb5c79f?u=3423026&p=1678833100,https://cookpad.com/recipe/7475098,キャラ弁,others
キャラ弁,マイクラ弁当♪ 簡単キャラ弁,https://img.cpcdn.com/recipes/7474388/200x296c/cfbf1eb97388c8b23387a093d87526b6?u=13353369&p=1678756236,https://cookpad.com/recipe/7474388,キャラ弁,others
キャラ弁,キャラ弁☆大人気ちいかわ☆うさぎ弁当☆,https://img.cpcdn.com/recipes/7471771/200x296c/a30226fc8688fc2629da919b715a6da9?u=8047108&p=1678497088,https://cookpad.com/recipe/7471771,キャラ弁,others
キャラ弁,サザエさん★カツオ★波平★たま★キャラ弁,https://img.cpcdn.com/recipes/7471560/200x296c/75c425dbccda1a9791ce0c893a5dd27e?u=14038210&p=1678451461,https://cookpad.com/recipe/7471560,キャラ弁,others
キャラ弁,フォートナイト、LiaqNキャラ弁,https://img.cpcdn.com/recipes/7470056/200x296c/4b037cbeecd7bc72a6b7de40edd3568a?u=15207744&p=1678325986,https://cookpad.com/recipe/7470056,キャラ弁,others
健康,鯖缶で作る！簡単健康★鯖塩レモンパスタ,https://img.cpcdn.com/recipes/7495513/200x296c/e55a2d303c79990e7d07d0d97f1ab795?u=17535707&p=1680579350,https://cookpad.com/recipe/7495513,健康,others
健康,健康な身体を作るアーモンドで簡単スコーン,https://img.cpcdn.com/recipes/7427237/200x296c/07f4fb77008b2ab2f3c7cd495f9e258e?u=11759176&p=1674528551,https://cookpad.com/recipe/7427237,健康,others
健康,【健康】　たっぷりキャベツのサンドイッチ,https://img.cpcdn.com/recipes/7474615/200x296c/bb00798281cd31626590d37088b94fdd?u=15224997&p=1678774980,https://cookpad.com/recipe/7474615,健康,others
健康,子どもが喜ぶ★スムージー風健康ドリンク,https://img.cpcdn.com/recipes/7486689/200x296c/194494faf877fd03463e43698f57579c?u=11205478&p=1679884850,https://cookpad.com/recipe/7486689,健康,others
健康,健康料理！！ニラ玉丼,https://img.cpcdn.com/recipes/7472434/200x296c/a53183afad4c04c73c1ca6306121ce77?u=1376912&p=1678571570,https://cookpad.com/recipe/7472434,健康,others
健康,米粉活用　健康的バナナパンケーキ,https://img.cpcdn.com/recipes/7481210/200x296c/598a493b0a0d0c2cbf75f110c3ce3948?u=3369762&p=1679402635,https://cookpad.com/recipe/7481210,健康,others
健康,健康米粉の抹茶黒ごまマフィン★バターなし,https://img.cpcdn.com/recipes/7480284/200x296c/cf3405726ec3f31c62cf75e13db0bd59?u=38735968&p=1679366172,https://cookpad.com/recipe/7480284,健康,others
健康,HB用米粉健康食パン,https://img.cpcdn.com/recipes/7477808/200x296c/93b7ad3e62ec9e3817e5014654611be4?u=54108683&p=1679117314,https://cookpad.com/recipe/7477808,健康,others
健康,簡単 健康 菊芋のお刺し身,https://img.cpcdn.com/recipes/7462453/200x296c/2d9c8c48d0519b3cd7b6e764489e958e?u=18352215&p=1677570850,https://cookpad.com/recipe/7472713,健康,others
健康,ダイエット　チョコ欲求解決法　健康的,https://img.cpcdn.com/recipes/3216461/200x296c/162514896f6188e7eb59341a1d12c150?u=10037065&p=1433394685,https://cookpad.com/recipe/7462453,健康,others
お祝い,御祝いにも！ステーキの付け合わせ,https://img.cpcdn.com/recipes/7494845/200x296c/760652b0078028a01c86a38e35e7ecb8?u=17748541&p=1680603655,https://cookpad.com/recipe/7494845,お祝い,others
お祝い,具だくさんのお祝いトルティージャ♪,https://img.cpcdn.com/recipes/7483888/200x296c/77da44ced1523e3a24f790a464fdb06f?u=17627873&p=1680058671,https://cookpad.com/recipe/7483888,お祝い,others
お祝い,お食い初めの日のお祝いポテサラ,https://img.cpcdn.com/recipes/7488268/200x296c/aef8ede416c2cbea7486a10cb41d1e00?u=13863221&p=1679999106,https://cookpad.com/recipe/7488268,お祝い,others
お祝い,土鍋　赤飯　お祝いの日に(^ ^),https://img.cpcdn.com/recipes/7482703/200x296c/f9c2766ac8fe3bdce3c703ea4b7e022b?u=6788176&p=1679565209,https://cookpad.com/recipe/7482703,お祝い,others
お祝い,祝鯛,https://img.cpcdn.com/recipes/7420373/200x296c/8240e7e9190852796b557bc5921ee5b1?u=4624284&p=1673936284,https://cookpad.com/recipe/7420373,お祝い,others
お祝い,春弁当☆お祝いの季節だね☆お花弁当☆,https://img.cpcdn.com/recipes/7477712/200x296c/eeddfc417f5437515478d17aa03d9ec7?u=8047108&p=1679110360,https://cookpad.com/recipe/7477712,お祝い,others
お祝い,お祝いやひな祭りに♡海老のあられ揚げ,https://img.cpcdn.com/recipes/7465557/200x296c/8316846f1e6543345be6decfc38ad916?u=21951079&p=1677856624,https://cookpad.com/recipe/7465557,お祝い,others
お祝い,*卒業祝いにデコ寿司*,https://img.cpcdn.com/recipes/7465264/200x296c/636ccdc669323bde4b4c9eaaac026264?u=490471&p=1677832313,https://cookpad.com/recipe/7465264,お祝い,others
お祝い,春色　祝いもち,https://img.cpcdn.com/recipes/7463922/200x296c/0bd9c5ef1dcbb03aa7aacd90a25049c2?u=38852990&p=1677716954,https://cookpad.com/recipe/7463922,お祝い,others
お祝い,ひなまつり や お祝い に 手まり寿司,https://img.cpcdn.com/recipes/7461430/200x296c/2214331f3f2b510418df76c997c3f2fa?u=31632469&p=1677636198,https://cookpad.com/recipe/7461430,お祝い,others
お祝い,紅白祝いそば,https://img.cpcdn.com/recipes/4882406/200x296c/b9fd4e1a3c7d9a3dea2eeda52a800fa8?u=10037065&p=1516068959,https://cookpad.com/dining/recipes/4882406,お祝い,others
誕生日,ランカちゃんの誕生日に！パインケーキ,https://img.cpcdn.com/recipes/7493216/200x296c/88f197a07e2b7f5eba2da9068c9b67d0?u=15231513&p=1680384639,https://cookpad.com/recipe/7493216,誕生日,others
誕生日,糖質85％カットのバースデープレート,https://img.cpcdn.com/recipes/7493183/200x296c/3894f91c6e5cea50a2ad48e945b6d8d6?u=8293731&p=1680374716,https://cookpad.com/recipe/7493183,誕生日,others
誕生日,ちいかわバースデーケーキ,https://img.cpcdn.com/recipes/7490267/200x296c/a4fc0a41eac7f81f2dd483f6bc60716e?u=7564906&p=1680147230,https://cookpad.com/recipe/7490267,誕生日,others
誕生日,オードブル　誕生日　,https://img.cpcdn.com/recipes/7486575/200x296c/b58d2b5adb6422435e51a5cc37943aa1?u=37144589&p=1679873494,https://cookpad.com/recipe/7486575,誕生日,others
誕生日,1歳からのバースデーケーキ,https://img.cpcdn.com/recipes/7486227/200x296c/d5b4239e614324e525f7abc72e276794?u=9698711&p=1679827302,https://cookpad.com/recipe/7486227,誕生日,others
誕生日,誕生日★チョコプレートで作る消防車ケーキ,https://img.cpcdn.com/recipes/7485271/200x296c/451f1132fa107187dc3c419617034b4e?u=5078736&p=1679798144,https://cookpad.com/recipe/7485271,誕生日,others
誕生日,長女誕生会　覚書,https://img.cpcdn.com/recipes/7478879/200x296c/ae3a1068c056e72fc24935dd7a7ca552?u=11590618&p=1679218625,https://cookpad.com/recipe/7478879,誕生日,others
誕生日,記録2023年誕生日ケーキ@ハピナス,https://img.cpcdn.com/recipes/7473049/200x296c/14a754284c74e546cc07bdbba041ec6f?u=2800529&p=1678619186,https://cookpad.com/recipe/7473049,誕生日,others
誕生日,ハーフバースデープレート　離乳食初期,https://img.cpcdn.com/recipes/7467280/200x296c/da02ff3b30f0cb7a93993798f493d52b?u=14610444&p=1678049227,https://cookpad.com/recipe/7467280,誕生日,others
誕生日,お誕生日夕食,https://img.cpcdn.com/recipes/7468723/200x296c/5b94d54d854a34172e90a7c1e14bd33c?u=50454388&p=1678183912,https://cookpad.com/recipe/7468723,誕生日,others
誕生日,シンプルバースデーケーキ,https://img.cpcdn.com/recipes/2910413/200x296c/f18bbed374f63d46704690c2ba2893fa?u=10037065&p=1417678700,https://cookpad.com/dining/recipes/2910413,誕生日,others
記念日,記念日に！基本のチョコレートスポンジ,https://img.cpcdn.com/recipes/7477123/200x296c/3f1a35dd56ced06519f3a4d02bd7c807?u=37824994&p=1679051645,https://cookpad.com/recipe/7477123,記念日,others
記念日,サラダ記念日のサラダ,https://img.cpcdn.com/recipes/7345529/200x296c/d4788303e411cf978307a99cc6738f4e?u=12744647&p=1666345786,https://cookpad.com/recipe/7345529,記念日,others
記念日,手越くんソロ記念日シナモンコーヒーかき氷,https://img.cpcdn.com/recipes/7249126/200x296c/6d2fef6ddf715dfec4b1313634c153cd?u=8176351&p=1657172053,https://cookpad.com/recipe/7249126,記念日,others
記念日,７月４日記念日フラッグケーキ,https://img.cpcdn.com/recipes/7245790/200x296c/6dae2808f81166e73237bfe22c2b453c?u=9351768&p=1656882443,https://cookpad.com/recipe/7245790,記念日,others
記念日,記念日のフロランタンタルト(覚え),https://img.cpcdn.com/recipes/7239460/200x296c/e060ed9791d2bd0da8503f7a423cb991?u=868253&p=1656213010,https://cookpad.com/recipe/7239460,記念日,others
記念日,記念日やお祝いに！ 伊勢海老の刺身,https://img.cpcdn.com/recipes/7143399/200x296c/72bb1e10a5f1d15b4e73875f058bf410?u=32648402&p=1647084324,https://cookpad.com/recipe/7143399,記念日,others
記念日,簡単、ちょっと贅沢デミグラスオムライス,https://img.cpcdn.com/recipes/7482999/200x296c/0cbca446f0611084eaaf2a74835bb4c4?u=17048254&p=1679563701,https://cookpad.com/recipe/7482999,記念日,others
記念日,誕生日・お祝い・記念日の夕飯メニュー,https://img.cpcdn.com/recipes/7018058/200x296c/2d6107b8b93711af5c15f09affaf9cdc?u=22802710&p=1637073635,https://cookpad.com/recipe/7018058,記念日,others
記念日,占いに書いてたから~チキンカレー記念日,https://img.cpcdn.com/recipes/6870369/200x296c/743f45ca78bdbc31ea9043303024d4e6?u=44650391&p=1626411329,https://cookpad.com/recipe/6870369,記念日,others
記念日,記念日のトロけるやわらか絶品タンシチュー,https://img.cpcdn.com/recipes/6865670/200x296c/6922443ef9f36070ede5626bfc50ffbb?u=37794406&p=1626086925,https://cookpad.com/recipe/6865670,記念日,others
クリスマス,Christmas グリューワイン,https://img.cpcdn.com/recipes/7382461/200x296c/baf02c26a9b9127111fbe9f61e5fce9a?u=52986336&p=1669958049,https://cookpad.com/recipe/7382461,クリスマス,others
クリスマス,クリスマスメニューディナー2022,https://img.cpcdn.com/recipes/7470241/200x296c/1d4045ebec7fa0f34bb96ed08193712e?u=14459269&p=1678337414,https://cookpad.com/recipe/7470241,クリスマス,others
クリスマス,適当！お手軽クリスマスケーキ,https://img.cpcdn.com/recipes/7457986/200x296c/c3fb7945ac89ad4a649af52c2741d089?u=14732939&p=1677165246,https://cookpad.com/recipe/7457986,クリスマス,others
クリスマス,春野菜のリースサラダ,https://img.cpcdn.com/recipes/7474675/200x296c/730c2d48029b056269accd14ff7e6873?u=4726915&p=1678779230,https://cookpad.com/recipe/7474675,クリスマス,others
クリスマス,お誕生日、クリスマスに★スマッシュケーキ,https://img.cpcdn.com/recipes/7179210/200x296c/1d872fb2bce1c96b88fc877657aae3ce?u=25521049&p=1650413391,https://cookpad.com/recipe/7179210,クリスマス,others
クリスマス,12月　おやつ作り　クリスマスケーキ,https://img.cpcdn.com/recipes/7363483/200x296c/a417a41028adc61f49085c94dc296c81?u=52385332&p=1676264233,https://cookpad.com/recipe/7363483,クリスマス,others
クリスマス,うちのクリスマスチキン,https://img.cpcdn.com/recipes/7463035/200x296c/167a5ee0ca9cece3e1eba6a29b469565?u=32349152&p=1678081778,https://cookpad.com/recipe/7438044,クリスマス,others
クリスマス,桜のリースチーズケーキ,https://img.cpcdn.com/recipes/7424661/200x296c/aa56d116c32143e8082b3b66d521335c?u=1031633&p=1674302763,https://cookpad.com/recipe/7463035,クリスマス,others
クリスマス,クリスマス＊おこさまランチ,https://img.cpcdn.com/recipes/7417279/200x296c/a3f83d4c1aeb4b277ba13a1bed3cc819?u=51516221&p=1673672238,https://cookpad.com/recipe/7424661,クリスマス,others
クリスマス,離乳食後期　初めてのクリスマスケーキ,https://img.cpcdn.com/recipes/2910422/200x296c/63cce36cd51f7dd1272181963fbcd3ec?u=10037065&p=1417678720,https://cookpad.com/recipe/7417279,クリスマス,others
おせち,おせちに♪栗きんとん,https://img.cpcdn.com/recipes/7470360/200x296c/7241edd7c54f8a49d78f44fc5e4783dc?u=22389073&p=1678856081,https://cookpad.com/recipe/7470360,お正月おせち,others
おせち,かまどさんdeおせちおこわ,https://img.cpcdn.com/recipes/7408184/200x296c/9a774b8d5cfa02465d6a22dbb33bc8b9?u=1376912&p=1672717006,https://cookpad.com/recipe/7408184,お正月おせち,others
おせち,2020　我が家のお節,https://img.cpcdn.com/recipes/5970596/200x296c/5942cff738f263d115e99c632eb38d7f?u=11800952&p=1577806332,https://cookpad.com/recipe/5970596,お正月おせち,others
おせち,令和5年　2023 我が家のおせち,https://img.cpcdn.com/recipes/7437591/200x296c/beb2fddb6185fdbf7ae31bc33f4a105a?u=25643779&p=1675431878,https://cookpad.com/recipe/7437591,お正月おせち,others
おせち,おせちの残りで！黒豆シナモンチーズアイス,https://img.cpcdn.com/recipes/7428124/200x296c/9d90f031fb1dbc7c64258df51038cb97?u=1350567&p=1674608210,https://cookpad.com/recipe/7428124,お正月おせち,others
おせち,お節にも！祖母から伝わる味！黒豆の五目煮,https://img.cpcdn.com/recipes/7428996/200x296c/850b05dde1abaaa5ceaed5287095f204?u=17748541&p=1674676188,https://cookpad.com/recipe/7428996,お正月おせち,others
おせち,おせち　煮しめ（別々煮）,https://img.cpcdn.com/recipes/7427422/200x296c/8ec222f5a663775e74a8438a9fba08d9?u=30217146&p=1674540957,https://cookpad.com/recipe/7427422,お正月おせち,others
おせち,お節2023,https://img.cpcdn.com/recipes/7421236/200x296c/a8fd1afe1837c2a299ef0466b65f5fdc?u=4955113&p=1674013639,https://cookpad.com/recipe/7421236,お正月おせち,others
おせち,おせちリメイク♪筑前煮そば,https://img.cpcdn.com/recipes/7419469/200x296c/45ae3f793a13f37ac9584940446a6a38?u=4948666&p=1673856785,https://cookpad.com/recipe/7419469,お正月おせち,others
おせち,HMで♡おせちの黒豆パウンドケーキ♡,https://img.cpcdn.com/recipes/7419501/200x296c/9ab31f348ca643d2ce6e341bd505f021?u=8424553&p=1673856717,https://cookpad.com/recipe/7419501,お正月おせち,others
バレンタイン,バレンタイン　#お手軽　#失敗なし,https://img.cpcdn.com/recipes/7452897/200x296c/0585bd69567abd2494a697264b2ce2fd?u=44622450&p=1677413334,https://cookpad.com/recipe/7452897,バレンタイン,others
バレンタイン,簡単！ 大量 チョコレート バレンタイン,https://img.cpcdn.com/recipes/7454705/200x296c/a7ddb9a55dfc2796ee14c58a19fd3a7c?u=1042546&p=1676883213,https://cookpad.com/recipe/7454705,バレンタイン,others
バレンタイン,再現!某馬ゲーのバレンタインバーガー,https://img.cpcdn.com/recipes/7453440/200x296c/b9634328c9059af04c92e9f7f34c3549?u=40758724&p=1676787209,https://cookpad.com/recipe/7453440,バレンタイン,others
バレンタイン,スモアクッキー♡バレンタイン,https://img.cpcdn.com/recipes/7442572/200x296c/9d8f39fd6973ec2f97d1dc04df534dcb?u=46727328&p=1676379930,https://cookpad.com/recipe/7442572,バレンタイン,others
バレンタイン,バレンタインの胃疲れに 大根サンド,https://img.cpcdn.com/recipes/7451242/200x296c/453de66e0a8e4393cf4c2b2fa438f8f2?u=53285492&p=1676593131,https://cookpad.com/recipe/7451242,バレンタイン,others
バレンタイン,簡単★ユニークバレンタイン,https://img.cpcdn.com/recipes/7450301/200x296c/e86fbdb38aafac3b1f87fade9b314544?u=53237607&p=1676512623,https://cookpad.com/recipe/7450301,バレンタイン,others
バレンタイン,【保育園給食】バレンタインのそうめん汁,https://img.cpcdn.com/recipes/7450223/200x296c/0244ddac24712c2e68b98112c97365a4?u=31263052&p=1676513916,https://cookpad.com/recipe/7450223,バレンタイン,others
バレンタイン,バレンタインに♡ホワイトチョコのケーキ,https://img.cpcdn.com/recipes/7447322/200x296c/6b87976416830ae335ab18fd7e4bb1ff?u=34797063&p=1676438994,https://cookpad.com/recipe/7447322,バレンタイン,others
バレンタイン,バレンタイン♪ココア入り豚肉と大根の煮物,https://img.cpcdn.com/recipes/7448916/200x296c/76160a64578bbd23ac8b1997e00bbf9a?u=2969322&p=1676379242,https://cookpad.com/recipe/7448916,バレンタイン,others
バレンタイン,バレンタインに濃厚チョコマフィン,https://img.cpcdn.com/recipes/7449437/200x296c/7dcc15ad11177c8e57827be2588a391c?u=14077367&p=1676437387,https://cookpad.com/recipe/7449437,バレンタイン,others
ホワイトデー,ホワイトデーのあまりケーキ,https://img.cpcdn.com/recipes/7483353/200x296c/9a86ee91fe3b0731b556096d2f61558f?u=50662822&p=1679586325,https://cookpad.com/recipe/7483353,ホワイトデー,others
ホワイトデー,ホワイトデーに…春色ケーキ,https://img.cpcdn.com/recipes/7475913/200x296c/646cb53b17c6db7d7ac201c9418e65db?u=29820180&p=1679025462,https://cookpad.com/recipe/7475913,ホワイトデー,others
ホワイトデー,ホワイトデーキャンディ,https://img.cpcdn.com/recipes/7458416/200x296c/3f69ed1925858abeafc4f682dd7e2e97?u=49402513&p=1677217266,https://cookpad.com/recipe/7458416,ホワイトデー,others
ホワイトデー,ホワイトデーにホワイトチョコクッキー,https://img.cpcdn.com/recipes/7472221/200x296c/ffc2a829d99bca74856c365dc4263ff8?u=31612663&p=1678534096,https://cookpad.com/recipe/7472221,ホワイトデー,others
ホワイトデー,牛肉とバジル★トマト★ホワイトデー,https://img.cpcdn.com/recipes/7440733/200x296c/74a8ce8a271654d252643292e15188ae?u=38735968&p=1675734879,https://cookpad.com/recipe/7440733,ホワイトデー,others
ホワイトデー,ホワイトデーに♡　濃厚チーズトリュフ,https://img.cpcdn.com/recipes/7464843/200x296c/99cdbff44db8f29516e1507c9d7d14a8?u=10235790&p=1677803281,https://cookpad.com/recipe/7464843,ホワイトデー,others
ホワイトデー,動画　ホワイトデー　チュイール・ネージュ,https://img.cpcdn.com/recipes/7452869/200x296c/d4227265fd7464f0109676a0083b547a?u=4031165&p=1676952985,https://cookpad.com/recipe/7452869,ホワイトデー,others
ホワイトデー,嵐のバレンタイン&ホワイトデー豆乳プリン,https://img.cpcdn.com/recipes/7446868/200x296c/a45e13924ca63f7b052abc6cd9d1d562?u=26492378&p=1676224044,https://cookpad.com/recipe/7446868,ホワイトデー,others
ホワイトデー,バレンタインやホワイトデーに【ベジート】,https://img.cpcdn.com/recipes/7442389/200x296c/e006c316a1749525f9b74b6f60283c3a?u=17100975&p=1675987260,https://cookpad.com/recipe/7442389,ホワイトデー,others
ホワイトデー,ホワイトデー❤餃子皮deフルーツタルト風,https://img.cpcdn.com/recipes/7434299/200x296c/dcba211dc6e4970c2d6dd3b6dc61cde3?u=14408567&p=1675136956,https://cookpad.com/recipe/7434299,ホワイトデー,others
ひな祭り,ひな祭り ピンチョスメニュー2,https://img.cpcdn.com/recipes/7482258/200x296c/c5aa3e99a75563c8f8ec612d60dc827b?u=54432773&p=1679510339,https://cookpad.com/recipe/7482258,ひな祭り,others
ひな祭り,ひな祭り子供デコレーション春色Cake♪,https://img.cpcdn.com/recipes/7468563/200x296c/5cea0f83b83ec83fb36feabbdd7b45d0?u=8200012&p=1678172400,https://cookpad.com/recipe/7468563,ひな祭り,others
ひな祭り,ひな祭り☆お雛様,https://img.cpcdn.com/recipes/7466401/200x296c/1af4979169ea345c7e872612d5d1d4dd?u=1055675&p=1677967136,https://cookpad.com/recipe/7466401,ひな祭り,others
ひな祭り,ひな祭りクレープ,https://img.cpcdn.com/recipes/7470215/200x296c/ed523181d71acb38aac422dcbb5ef380?u=14459269&p=1678336109,https://cookpad.com/recipe/7470215,ひな祭り,others
ひな祭り,ひな祭り　#子どもと一緒に　,https://img.cpcdn.com/recipes/7467164/200x296c/096ccd4b4836dd8dee00ffabc0c06d9f?u=44622450&p=1678021392,https://cookpad.com/recipe/7467164,ひな祭り,others
ひな祭り,桃の節句 ひな祭り御膳 離乳食 中期,https://img.cpcdn.com/recipes/7466222/200x296c/3a7247efdd10fed3308908e157473c4a?u=14610444&p=1678179767,https://cookpad.com/recipe/7466222,ひな祭り,others
ひな祭り,ひな祭りに【ちらし寿司】,https://img.cpcdn.com/recipes/7465683/200x296c/e406bed80c6f10e1e8f31b2f75b439d1?u=47245429&p=1677925498,https://cookpad.com/recipe/7465683,ひな祭り,others
ひな祭り,ひなまつりクッキー(覚書),https://img.cpcdn.com/recipes/7465927/200x296c/ae05e052dd9c570dce477eccfd94232a?u=3569188&p=1677909899,https://cookpad.com/recipe/7465927,ひな祭り,others
ひな祭り,毎年恒例のひな祭りのちらし寿司,https://img.cpcdn.com/recipes/7465360/200x296c/3fc3285710dd51df2b7fbdc670cff131?u=15123348&p=1677839876,https://cookpad.com/recipe/7465360,ひな祭り,others
限られた食材・調理器具,山ご飯！コッヘルひとつ3分速攻お鍋壱,https://img.cpcdn.com/recipes/2768777/200x296c/1d57cdf67972a7f727ed84df65b3b507?u=5878690&p=1408885993,https://cookpad.com/recipe/2768777,限られた食材・調理器具,others
限られた食材・調理器具,山ご飯！フライパンひとつ3分速攻パスタ壱,https://img.cpcdn.com/recipes/2211501/200x296c/d8b79c2248452fcc9f4ccc97b2e3c9b1?u=5878690&p=1367642463,https://cookpad.com/recipe/2211501,限られた食材・調理器具,others